rate_date,usd_ngn_rate,is_filled
2026-01-02,1444.8699951171875,False
2026-01-05,1433.8699951171875,False
2026-01-06,1433.199951171875,False
2026-01-07,1424.3499755859375,False
2026-01-08,1423.5799560546875,False
2026-01-09,1424.3399658203125,False
2026-01-12,1428.93994140625,False
2026-01-13,1423.739990234375,False
2026-01-14,1421.75,False
2026-01-15,1421.75,False
2026-01-16,1422.5,False
2026-01-19,1418.3299560546875,False
2026-01-20,1418.8699951171875,False
2026-01-21,1418.0799560546875,False
2026-01-22,1418.8699951171875,False
2026-01-23,1419.6300048828125,False
2026-01-26,1420.56005859375,False
2026-01-27,1412.6199951171875,False
2026-01-28,1406.719970703125,False
2026-01-29,1393.9599609375,False
2026-01-30,1387.5699462890625,False
2026-02-02,1385.97998046875,False
2026-02-03,1390.5,False
2026-02-04,1391.3599853515625,False
2026-02-05,1368.06005859375,False
2026-02-06,1366.5999755859375,False
2026-02-09,1366.47998046875,False
2026-02-10,1361.469970703125,False
2026-02-11,1352.75,False
2026-02-12,1351.0799560546875,False
2026-02-13,1352.530029296875,False
2026-02-16,1352.9000244140625,False
2026-02-17,1350.6800537109375,False
2026-02-18,1345.010009765625,False
2026-02-19,1339.5,False
2026-02-20,1342.5699462890625,False
2026-02-23,1342.6800537109375,False
2026-02-24,1343.31005859375,False
2026-02-25,1350.6300048828125,False
2026-02-26,1350.6199951171875,False
2026-02-27,1354.75,False
2026-03-02,1361.93994140625,False
2026-03-03,1370.3199462890625,False
2026-03-04,1378.550048828125,False
2026-03-05,1382.3699951171875,False
2026-03-06,1384.800048828125,False
2026-03-09,1387.0,False
2026-03-10,1397.739990234375,False
2026-03-11,1396.5,False
2026-03-12,1394.0,False
2026-03-13,1398.239990234375,False
2026-03-16,1385.0,False
2026-03-17,1368.25,False
2026-03-18,1352.3800048828125,False
2026-03-19,1355.030029296875,False
2026-03-20,1357.0,False
2026-03-23,1355.75,False
2026-03-24,1377.25,False
2026-03-25,1374.760009765625,False
2026-03-26,1383.18994140625,False
2026-03-27,1383.97998046875,False
2026-03-30,1378.0,False
2026-03-31,1385.0999755859375,False
2026-04-01,1384.77001953125,False
2026-04-02,1379.530029296875,False
2026-04-03,1380.719970703125,False
2026-04-06,1377.300048828125,False
2026-04-07,1378.5999755859375,False
2026-04-08,1382.8399658203125,False
2026-04-09,1378.47998046875,False
2026-04-10,1361.219970703125,False
2026-04-13,1357.8399658203125,False
2026-04-14,1356.81005859375,False
2026-04-15,1351.3599853515625,False
2026-04-16,1344.1800537109375,False
2026-04-17,1340.3800048828125,False
2026-04-20,1348.31005859375,False
2026-04-21,1345.199951171875,False
2026-04-22,1346.760009765625,False
2026-04-23,1347.260009765625,False
2026-04-24,1350.8199462890625,False
2026-04-27,1351.6700439453125,False
2026-04-28,1358.72998046875,False
2026-04-29,1374.469970703125,False
2026-04-30,1374.5699462890625,False
2026-05-01,1374.739990234375,False
2026-05-04,1375.5,False
2026-05-05,1370.4300537109375,False
2026-05-06,1366.6600341796875,False
2026-05-07,1361.489990234375,False
2026-05-08,1359.5999755859375,False
2026-05-11,1356.5,False
2026-05-12,1366.9300537109375,False
2026-05-13,1370.239990234375,False
2026-05-14,1369.97998046875,False
2026-05-15,1368.6700439453125,False
2026-05-18,1372.239990234375,False
2026-05-19,1370.760009765625,False
2026-05-20,1371.8399658203125,False
2026-05-21,1370.75,False
2026-05-22,1369.550048828125,False
2026-05-25,1367.1300048828125,False
2026-05-26,1370.449951171875,False
2026-05-27,1372.1400146484375,False
2026-05-28,1373.4100341796875,False
2026-05-29,1373.25,False
2026-06-01,1371.0,False
2026-06-02,1370.050048828125,False
2026-06-03,1369.780029296875,False
2026-06-04,1366.27001953125,False
2026-06-05,1360.5,False
2026-06-08,1359.9200439453125,False
2026-06-09,1360.6300048828125,False
2026-06-10,1359.3399658203125,False
2026-06-11,1360.3399658203125,False
2026-06-12,1361.0400390625,False
2026-06-15,1360.199951171875,False
2026-06-16,1358.18994140625,False
2026-06-17,1359.219970703125,False
2026-06-18,1358.1800537109375,False
2026-06-19,1360.1199951171875,False
2026-06-22,1362.0899658203125,False
2026-06-23,1366.1500244140625,False
2026-06-24,1369.6199951171875,False
2026-06-25,1373.5999755859375,False
2026-06-26,1374.6700439453125,False
2026-06-29,1378.239990234375,False
2026-06-30,1379.6500244140625,False
2026-07-01,1379.3499755859375,False
2026-07-02,1374.4599609375,False
2026-07-03,1369.800048828125,False
2026-07-06,1369.1300048828125,False
2026-07-07,1367.1700439453125,False
2026-07-08,1370.8199462890625,False
2026-07-09,1375.0899658203125,False
2026-07-10,1377.1500244140625,False
2026-07-13,1378.3800048828125,False
2026-07-14,1379.300048828125,False
2026-07-15,1380.260009765625,False
2026-07-16,1375.469970703125,False
2026-07-17,1380.719970703125,False
2026-07-20,1379.1400146484375,False
2026-07-21,1379.43994140625,False
2026-07-22,1379.9100341796875,False
2026-07-23,1371.3399658203125,False
2026-07-24,1371.1099853515625,False
2026-07-27,1367.050048828125,False
2026-07-28,1364.3299560546875,False
2026-07-29,1366.5,False
2026-07-30,1365.06005859375,False
2026-07-31,1363.739990234375,False
2026-08-03,1360.010009765625,False
2026-08-04,1363.31005859375,False
2026-08-05,1362.8900146484375,False
2026-08-06,1361.9599609375,False
2026-08-07,1362.3900146484375,False
2026-08-10,1361.2900390625,False
2026-08-11,1361.1800537109375,False
2026-08-12,1362.760009765625,False
2026-08-13,1362.969970703125,False
2026-08-14,1360.1099853515625,False
2026-08-17,1358.7900390625,False
2026-08-18,1353.4300537109375,False
2026-08-19,1349.550048828125,False
2026-08-20,1349.760009765625,False
2026-08-21,1347.739990234375,False
2026-08-24,1348.1700439453125,False
2026-08-25,1346.5999755859375,False
2026-08-26,1346.1099853515625,False
2026-08-27,1344.260009765625,False
2026-08-28,1343.1800537109375,False
2026-08-31,1345.4000244140625,False
2026-09-01,1337.260009765625,False
2026-09-02,1332.6300048828125,False
2026-09-03,1327.7099609375,False
2026-09-04,1326.81005859375,False
2026-09-07,1321.0999755859375,False
2026-09-08,1321.02001953125,False
2026-09-09,1320.969970703125,False
2026-09-10,1323.1099853515625,False
2026-09-11,1322.93994140625,False
2026-09-14,1324.7099609375,False
2026-09-15,1324.3399658203125,False
2026-09-16,1324.449951171875,False
2026-09-17,1330.1300048828125,False
2026-09-18,1330.530029296875,False
2026-09-21,1330.3399658203125,False
2026-09-22,1326.1600341796875,False
2026-09-23,1323.300048828125,False
2026-09-24,1324.969970703125,False
2026-09-25,1325.699951171875,False
2026-09-28,1327.219970703125,False
2026-09-29,1323.239990234375,False
2026-09-30,1323.6099853515625,False
2026-10-01,1326.75,False
2026-10-02,1327.719970703125,False
2026-10-05,1326.5799560546875,False
2026-10-06,1322.6800537109375,False
2026-10-07,1323.550048828125,False
2026-10-08,1330.207024,False
