price_date,ticker,close_price
2026-01-02,AAPL,270.27435302734375
2026-01-05,AAPL,266.5345458984375
2026-01-06,AAPL,261.6478271484375
2026-01-07,AAPL,259.6233215332031
2026-01-08,AAPL,258.3368225097656
2026-01-09,AAPL,258.6659240722656
2026-01-12,AAPL,259.54351806640625
2026-01-13,AAPL,260.34136962890625
2026-01-14,AAPL,259.2543029785156
2026-01-15,AAPL,257.50909423828125
2026-01-16,AAPL,254.83633422851562
2026-01-20,AAPL,246.0303192138672
2026-01-21,AAPL,246.9777374267578
2026-01-22,AAPL,247.67584228515625
2026-01-23,AAPL,247.36666870117188
2026-01-26,AAPL,254.71669006347656
2026-01-27,AAPL,257.56890869140625
2026-01-28,AAPL,255.74388122558594
2026-01-29,AAPL,257.5788879394531
2026-01-30,AAPL,258.7756652832031
2026-02-02,AAPL,269.27703857421875
2026-02-03,AAPL,268.7485046386719
2026-02-04,AAPL,275.7394104003906
2026-02-05,AAPL,275.1610412597656
2026-02-06,AAPL,277.364990234375
2026-02-09,AAPL,274.13079833984375
2026-02-10,AAPL,273.19244384765625
2026-02-11,AAPL,275.00921630859375
2026-02-12,AAPL,261.2637939453125
2026-02-13,AAPL,255.32435607910156
2026-02-17,AAPL,263.4099426269531
2026-02-18,AAPL,263.8791198730469
2026-02-19,AAPL,260.11578369140625
2026-02-20,AAPL,264.1086730957031
2026-02-23,AAPL,265.705810546875
2026-02-24,AAPL,271.6552429199219
2026-02-25,AAPL,273.74151611328125
2026-02-26,AAPL,272.4637756347656
2026-02-27,AAPL,263.7093811035156
2026-03-02,AAPL,264.2484130859375
2026-03-03,AAPL,263.2801818847656
2026-03-04,AAPL,262.0523376464844
2026-03-05,AAPL,259.8263244628906
2026-03-06,AAPL,257.0013427734375
2026-03-09,AAPL,259.41705322265625
2026-03-10,AAPL,260.3653564453125
2026-03-11,AAPL,260.3453674316406
2026-03-12,AAPL,255.30438232421875
2026-03-13,AAPL,249.6744384765625
2026-03-16,AAPL,252.36964416503906
2026-03-17,AAPL,253.77711486816406
2026-03-18,AAPL,249.49476623535156
2026-03-19,AAPL,248.5165252685547
2026-03-20,AAPL,247.54823303222656
2026-03-23,AAPL,251.04200744628906
2026-03-24,AAPL,251.1917266845703
2026-03-25,AAPL,252.16998291015625
2026-03-26,AAPL,252.43951416015625
2026-03-27,AAPL,248.35679626464844
2026-03-30,AAPL,246.19065856933594
2026-03-31,AAPL,253.337890625
2026-04-01,AAPL,255.17462158203125
2026-04-02,AAPL,255.464111328125
2026-04-06,AAPL,258.3988342285156
2026-04-07,AAPL,253.0484161376953
2026-04-08,AAPL,258.43878173828125
2026-04-09,AAPL,260.02593994140625
2026-04-10,AAPL,260.0159912109375
2026-04-13,AAPL,258.73828125
2026-04-14,AAPL,258.368896484375
2026-04-15,AAPL,265.95538330078125
2026-04-16,AAPL,262.9307556152344
2026-04-17,AAPL,269.7486267089844
2026-04-20,AAPL,272.5635681152344
2026-04-21,AAPL,265.69586181640625
2026-04-22,AAPL,272.68341064453125
2026-04-23,AAPL,272.9429016113281
2026-04-24,AAPL,270.5771179199219
2026-04-27,AAPL,267.1332702636719
2026-04-28,AAPL,270.2277526855469
2026-04-29,AAPL,269.688720703125
2026-04-30,AAPL,270.86663818359375
2026-05-01,AAPL,279.6409606933594
2026-05-04,AAPL,276.33685302734375
2026-05-05,AAPL,283.67376708984375
2026-05-06,AAPL,286.9978332519531
2026-05-07,AAPL,286.9279479980469
2026-05-08,AAPL,292.7974853515625
2026-05-11,AAPL,292.42779541015625
2026-05-12,AAPL,294.54595947265625
2026-05-13,AAPL,298.6124572753906
2026-05-14,AAPL,297.9530334472656
2026-05-15,AAPL,299.9713134765625
2026-05-18,AAPL,297.5833435058594
2026-05-19,AAPL,298.7123718261719
2026-05-20,AAPL,301.98956298828125
2026-05-21,AAPL,304.7271728515625
2026-05-22,AAPL,308.55389404296875
2026-05-26,AAPL,308.0643005371094
2026-05-27,AAPL,310.5821533203125
2026-05-28,AAPL,312.24072265625
2026-05-29,AAPL,311.7911071777344
2026-06-01,AAPL,306.0460510253906
2026-06-02,AAPL,314.92840576171875
2026-06-03,AAPL,309.9926452636719
2026-06-04,AAPL,310.9618225097656
2026-06-05,AAPL,307.0751647949219
2026-06-08,AAPL,301.2801818847656
2026-06-09,AAPL,290.29962158203125
2026-06-10,AAPL,291.3287353515625
2026-06-11,AAPL,295.375244140625
2026-06-12,AAPL,290.879150390625
2026-06-15,AAPL,296.1645812988281
2026-06-16,AAPL,298.9821472167969
2026-06-17,AAPL,295.6949768066406
2026-06-18,AAPL,297.7532043457031
2026-06-22,AAPL,296.75408935546875
2026-06-23,AAPL,294.04638671875
2026-06-24,AAPL,292.8274230957031
2026-06-25,AAPL,274.91290283203125
2026-06-26,AAPL,283.53546142578125
2026-06-29,AAPL,281.4972229003906
2026-06-30,AAPL,289.11065673828125
2026-07-01,AAPL,294.1263427734375
2026-07-02,AAPL,308.3640441894531
2026-07-06,AAPL,312.3905944824219
2026-07-07,AAPL,310.3923034667969
2026-07-08,AAPL,313.1199645996094
2026-07-09,AAPL,315.947509765625
2026-07-10,AAPL,315.0483093261719
2026-07-13,AAPL,317.03656005859375
2026-07-14,AAPL,314.58868408203125
2026-07-15,AAPL,327.2178039550781
2026-07-16,AAPL,332.97283935546875
2026-07-17,AAPL,333.452392578125
2026-07-20,AAPL,326.3085632324219
2026-07-21,AAPL,327.45758056640625
2026-07-22,AAPL,325.60919189453125
2026-07-23,AAPL,321.3828430175781
2026-07-24,AAPL,332.7330322265625
2026-07-27,AAPL,336.61968994140625
2026-07-28,AAPL,339.78692626953125
2026-07-29,AAPL,337.8985900878906
2026-07-30,AAPL,333.1426696777344
2026-07-31,AAPL,308.6438293457031
2026-08-03,AAPL,303.1585693359375
2026-08-04,AAPL,309.1134033203125
2026-08-05,AAPL,310.7320251464844
2026-08-06,AAPL,312.14080810546875
2026-08-07,AAPL,313.05999755859375
2026-08-10,AAPL,308.260009765625
2026-08-11,AAPL,304.9100036621094
2026-08-12,AAPL,302.25
2026-08-13,AAPL,305.260009765625
2026-08-14,AAPL,305.92999267578125
2026-08-17,AAPL,305.5899963378906
2026-08-18,AAPL,310.0299987792969
2026-08-19,AAPL,316.8299865722656
2026-08-20,AAPL,311.29998779296875
2026-08-21,AAPL,309.3500061035156
2026-08-24,AAPL,310.3399963378906
2026-08-25,AAPL,309.8999938964844
2026-08-26,AAPL,313.45001220703125
2026-08-27,AAPL,314.5799865722656
2026-08-28,AAPL,319.70001220703125
2026-08-31,AAPL,316.8500061035156
2026-09-01,AAPL,325.1300048828125
2026-09-02,AAPL,324.9599914550781
2026-09-03,AAPL,328.2099914550781
2026-09-04,AAPL,319.9700012207031
2026-09-08,AAPL,316.2200012207031
2026-09-09,AAPL,315.3399963378906
2026-09-10,AAPL,326.57000732421875
2026-09-11,AAPL,332.2699890136719
2026-09-14,AAPL,333.0799865722656
2026-09-15,AAPL,331.3399963378906
2026-09-16,AAPL,332.4100036621094
2026-09-17,AAPL,337.0
2026-09-18,AAPL,336.1300048828125
2026-09-21,AAPL,338.9800109863281
2026-09-22,AAPL,339.75
2026-09-23,AAPL,337.0199890136719
2026-09-24,AAPL,335.9200134277344
2026-09-25,AAPL,341.07000732421875
2026-09-28,AAPL,338.3999938964844
2026-09-29,AAPL,329.3999938964844
2026-09-30,AAPL,333.0199890136719
2026-10-01,AAPL,330.32000732421875
2026-10-02,AAPL,333.69000244140625
2026-10-05,AAPL,332.8900146484375
2026-10-06,AAPL,333.6300048828125
2026-10-07,AAPL,336.6700134277344
2026-10-08,AAPL,337.07501220703125
2026-01-02,AMZN,226.5
2026-01-05,AMZN,233.05999755859375
2026-01-06,AMZN,240.92999267578125
2026-01-07,AMZN,241.55999755859375
2026-01-08,AMZN,246.2899932861328
2026-01-09,AMZN,247.3800048828125
2026-01-12,AMZN,246.47000122070312
2026-01-13,AMZN,242.60000610351562
2026-01-14,AMZN,236.64999389648438
2026-01-15,AMZN,238.17999267578125
2026-01-16,AMZN,239.1199951171875
2026-01-20,AMZN,231.0
2026-01-21,AMZN,231.30999755859375
2026-01-22,AMZN,234.33999633789062
2026-01-23,AMZN,239.16000366210938
2026-01-26,AMZN,238.4199981689453
2026-01-27,AMZN,244.67999267578125
2026-01-28,AMZN,243.00999450683594
2026-01-29,AMZN,241.72999572753906
2026-01-30,AMZN,239.3000030517578
2026-02-02,AMZN,242.9600067138672
2026-02-03,AMZN,238.6199951171875
2026-02-04,AMZN,232.99000549316406
2026-02-05,AMZN,222.69000244140625
2026-02-06,AMZN,210.32000732421875
2026-02-09,AMZN,208.72000122070312
2026-02-10,AMZN,206.9600067138672
2026-02-11,AMZN,204.0800018310547
2026-02-12,AMZN,199.60000610351562
2026-02-13,AMZN,198.7899932861328
2026-02-17,AMZN,201.14999389648438
2026-02-18,AMZN,204.7899932861328
2026-02-19,AMZN,204.86000061035156
2026-02-20,AMZN,210.11000061035156
2026-02-23,AMZN,205.27000427246094
2026-02-24,AMZN,208.55999755859375
2026-02-25,AMZN,210.63999938964844
2026-02-26,AMZN,207.9199981689453
2026-02-27,AMZN,210.0
2026-03-02,AMZN,208.38999938964844
2026-03-03,AMZN,208.72999572753906
2026-03-04,AMZN,216.82000732421875
2026-03-05,AMZN,218.94000244140625
2026-03-06,AMZN,213.2100067138672
2026-03-09,AMZN,213.49000549316406
2026-03-10,AMZN,214.3300018310547
2026-03-11,AMZN,212.64999389648438
2026-03-12,AMZN,209.52999877929688
2026-03-13,AMZN,207.6699981689453
2026-03-16,AMZN,211.74000549316406
2026-03-17,AMZN,215.1999969482422
2026-03-18,AMZN,209.8699951171875
2026-03-19,AMZN,208.75999450683594
2026-03-20,AMZN,205.3699951171875
2026-03-23,AMZN,210.13999938964844
2026-03-24,AMZN,207.24000549316406
2026-03-25,AMZN,211.7100067138672
2026-03-26,AMZN,207.5399932861328
2026-03-27,AMZN,199.33999633789062
2026-03-30,AMZN,200.9499969482422
2026-03-31,AMZN,208.27000427246094
2026-04-01,AMZN,210.57000732421875
2026-04-02,AMZN,209.77000427246094
2026-04-06,AMZN,212.7899932861328
2026-04-07,AMZN,213.77000427246094
2026-04-08,AMZN,221.25
2026-04-09,AMZN,233.64999389648438
2026-04-10,AMZN,238.3800048828125
2026-04-13,AMZN,239.88999938964844
2026-04-14,AMZN,249.02000427246094
2026-04-15,AMZN,248.5
2026-04-16,AMZN,249.6999969482422
2026-04-17,AMZN,250.55999755859375
2026-04-20,AMZN,248.27999877929688
2026-04-21,AMZN,249.91000366210938
2026-04-22,AMZN,255.36000061035156
2026-04-23,AMZN,255.0800018310547
2026-04-24,AMZN,263.989990234375
2026-04-27,AMZN,261.1199951171875
2026-04-28,AMZN,259.70001220703125
2026-04-29,AMZN,263.0400085449219
2026-04-30,AMZN,265.05999755859375
2026-05-01,AMZN,268.260009765625
2026-05-04,AMZN,272.04998779296875
2026-05-05,AMZN,273.54998779296875
2026-05-06,AMZN,274.989990234375
2026-05-07,AMZN,271.1700134277344
2026-05-08,AMZN,272.67999267578125
2026-05-11,AMZN,268.989990234375
2026-05-12,AMZN,265.82000732421875
2026-05-13,AMZN,270.1300048828125
2026-05-14,AMZN,267.2200012207031
2026-05-15,AMZN,264.1400146484375
2026-05-18,AMZN,264.8599853515625
2026-05-19,AMZN,259.3399963378906
2026-05-20,AMZN,265.010009765625
2026-05-21,AMZN,268.4599914550781
2026-05-22,AMZN,266.32000732421875
2026-05-26,AMZN,265.2900085449219
2026-05-27,AMZN,271.8500061035156
2026-05-28,AMZN,274.0
2026-05-29,AMZN,270.6400146484375
2026-06-01,AMZN,261.260009765625
2026-06-02,AMZN,256.5199890136719
2026-06-03,AMZN,250.02000427246094
2026-06-04,AMZN,253.7899932861328
2026-06-05,AMZN,246.02999877929688
2026-06-08,AMZN,245.22000122070312
2026-06-09,AMZN,244.19000244140625
2026-06-10,AMZN,238.0
2026-06-11,AMZN,241.50999450683594
2026-06-12,AMZN,238.5500030517578
2026-06-15,AMZN,246.02000427246094
2026-06-16,AMZN,246.0
2026-06-17,AMZN,237.5
2026-06-18,AMZN,244.38999938964844
2026-06-22,AMZN,232.7899932861328
2026-06-23,AMZN,234.11000061035156
2026-06-24,AMZN,234.27000427246094
2026-06-25,AMZN,227.00999450683594
2026-06-26,AMZN,232.69000244140625
2026-06-29,AMZN,240.13999938964844
2026-06-30,AMZN,238.33999633789062
2026-07-01,AMZN,241.6999969482422
2026-07-02,AMZN,242.6699981689453
2026-07-06,AMZN,244.16000366210938
2026-07-07,AMZN,245.97999572753906
2026-07-08,AMZN,243.6199951171875
2026-07-09,AMZN,247.0399932861328
2026-07-10,AMZN,245.33999633789062
2026-07-13,AMZN,247.30999755859375
2026-07-14,AMZN,247.49000549316406
2026-07-15,AMZN,254.9600067138672
2026-07-16,AMZN,249.88999938964844
2026-07-17,AMZN,247.22999572753906
2026-07-20,AMZN,249.99000549316406
2026-07-21,AMZN,247.5500030517578
2026-07-22,AMZN,244.85000610351562
2026-07-23,AMZN,233.66000366210938
2026-07-24,AMZN,232.11000061035156
2026-07-27,AMZN,231.38999938964844
2026-07-28,AMZN,230.86000061035156
2026-07-29,AMZN,226.64999389648438
2026-07-30,AMZN,235.5
2026-07-31,AMZN,271.5799865722656
2026-08-03,AMZN,284.0199890136719
2026-08-04,AMZN,277.4200134277344
2026-08-05,AMZN,272.6499938964844
2026-08-06,AMZN,272.260009765625
2026-08-07,AMZN,274.4800109863281
2026-08-10,AMZN,278.0899963378906
2026-08-11,AMZN,272.2699890136719
2026-08-12,AMZN,267.2799987792969
2026-08-13,AMZN,265.1300048828125
2026-08-14,AMZN,262.6499938964844
2026-08-17,AMZN,261.30999755859375
2026-08-18,AMZN,259.45001220703125
2026-08-19,AMZN,265.8399963378906
2026-08-20,AMZN,260.1099853515625
2026-08-21,AMZN,258.6300048828125
2026-08-24,AMZN,262.07000732421875
2026-08-25,AMZN,261.05999755859375
2026-08-26,AMZN,260.2799987792969
2026-08-27,AMZN,256.260009765625
2026-08-28,AMZN,266.42999267578125
2026-08-31,AMZN,259.7699890136719
2026-09-01,AMZN,254.9199981689453
2026-09-02,AMZN,254.97999572753906
2026-09-03,AMZN,258.8999938964844
2026-09-04,AMZN,258.510009765625
2026-09-08,AMZN,256.9700012207031
2026-09-09,AMZN,252.39999389648438
2026-09-10,AMZN,251.88999938964844
2026-09-11,AMZN,256.7799987792969
2026-09-14,AMZN,253.5399932861328
2026-09-15,AMZN,248.4199981689453
2026-09-16,AMZN,245.9600067138672
2026-09-17,AMZN,251.19000244140625
2026-09-18,AMZN,253.7100067138672
2026-09-21,AMZN,258.45001220703125
2026-09-22,AMZN,254.97999572753906
2026-09-23,AMZN,249.27000427246094
2026-09-24,AMZN,249.3800048828125
2026-09-25,AMZN,249.6699981689453
2026-09-28,AMZN,246.14999389648438
2026-09-29,AMZN,246.6699981689453
2026-09-30,AMZN,249.14999389648438
2026-10-01,AMZN,248.22999572753906
2026-10-02,AMZN,251.52000427246094
2026-10-05,AMZN,251.39999389648438
2026-10-06,AMZN,256.2900085449219
2026-10-07,AMZN,259.9200134277344
2026-10-08,AMZN,258.32000732421875
2026-01-02,GOOGL,314.5381164550781
2026-01-05,GOOGL,315.9254455566406
2026-01-06,GOOGL,313.7297058105469
2026-01-07,GOOGL,321.35491943359375
2026-01-08,GOOGL,324.80816650390625
2026-01-09,GOOGL,327.9320983886719
2026-01-12,GOOGL,331.2156982421875
2026-01-13,GOOGL,335.31768798828125
2026-01-14,GOOGL,335.1879577636719
2026-01-15,GOOGL,332.1339111328125
2026-01-16,GOOGL,329.35931396484375
2026-01-20,GOOGL,321.3748474121094
2026-01-21,GOOGL,327.7424621582031
2026-01-22,GOOGL,329.89825439453125
2026-01-23,GOOGL,327.2933044433594
2026-01-26,GOOGL,332.61297607421875
2026-01-27,GOOGL,333.90045166015625
2026-01-28,GOOGL,335.3576354980469
2026-01-29,GOOGL,337.5932922363281
2026-01-30,GOOGL,337.3437805175781
2026-02-02,GOOGL,343.022705078125
2026-02-03,GOOGL,339.0504455566406
2026-02-04,GOOGL,332.3934326171875
2026-02-05,GOOGL,330.6069030761719
2026-02-06,GOOGL,322.233154296875
2026-02-09,GOOGL,323.6903381347656
2026-02-10,GOOGL,317.9614562988281
2026-02-11,GOOGL,310.3562316894531
2026-02-12,GOOGL,308.40008544921875
2026-02-13,GOOGL,305.1264343261719
2026-02-17,GOOGL,301.43359375
2026-02-18,GOOGL,302.7410888671875
2026-02-19,GOOGL,302.26202392578125
2026-02-20,GOOGL,314.3684997558594
2026-02-23,GOOGL,310.8852233886719
2026-02-24,GOOGL,310.29638671875
2026-02-25,GOOGL,312.2925109863281
2026-02-26,GOOGL,306.783203125
2026-02-27,GOOGL,311.15472412109375
2026-03-02,GOOGL,305.9248962402344
2026-03-03,GOOGL,302.9905700683594
2026-03-04,GOOGL,302.54150390625
2026-03-05,GOOGL,300.2958679199219
2026-03-06,GOOGL,297.9404296875
2026-03-09,GOOGL,305.98040771484375
2026-03-10,GOOGL,306.65960693359375
2026-03-11,GOOGL,308.31756591796875
2026-03-12,GOOGL,303.17388916015625
2026-03-13,GOOGL,301.9054870605469
2026-03-16,GOOGL,305.1814270019531
2026-03-17,GOOGL,310.5347900390625
2026-03-18,GOOGL,307.30877685546875
2026-03-19,GOOGL,306.7494812011719
2026-03-20,GOOGL,300.6270751953125
2026-03-23,GOOGL,301.685791015625
2026-03-24,GOOGL,290.0801696777344
2026-03-25,GOOGL,290.5695495605469
2026-03-26,GOOGL,280.57196044921875
2026-03-27,GOOGL,274.0001220703125
2026-03-30,GOOGL,273.1611633300781
2026-03-31,GOOGL,287.2037353515625
2026-04-01,GOOGL,297.0215759277344
2026-04-02,GOOGL,295.403564453125
2026-04-06,GOOGL,299.6183166503906
2026-04-07,GOOGL,305.08154296875
2026-04-08,GOOGL,316.9268798828125
2026-04-09,GOOGL,318.09539794921875
2026-04-10,GOOGL,316.8469543457031
2026-04-13,GOOGL,320.91192626953125
2026-04-14,GOOGL,332.49755859375
2026-04-15,GOOGL,336.70233154296875
2026-04-16,GOOGL,335.6036682128906
2026-04-17,GOOGL,341.2566833496094
2026-04-20,GOOGL,337.0019836425781
2026-04-21,GOOGL,331.8783264160156
2026-04-22,GOOGL,338.8996276855469
2026-04-23,GOOGL,338.47015380859375
2026-04-24,GOOGL,343.9732971191406
2026-04-27,GOOGL,349.90594482421875
2026-04-28,GOOGL,349.3466491699219
2026-04-29,GOOGL,349.5064697265625
2026-04-30,GOOGL,384.3232421875
2026-05-01,GOOGL,385.2121887207031
2026-05-04,GOOGL,382.7751770019531
2026-05-05,GOOGL,387.9487609863281
2026-05-06,GOOGL,397.546875
2026-05-07,GOOGL,397.4969177246094
2026-05-08,GOOGL,400.3034362792969
2026-05-11,GOOGL,388.15850830078125
2026-05-12,GOOGL,386.8701171875
2026-05-13,GOOGL,402.1211853027344
2026-05-14,GOOGL,400.5731201171875
2026-05-15,GOOGL,396.2884216308594
2026-05-18,GOOGL,396.4482421875
2026-05-19,GOOGL,387.1797180175781
2026-05-20,GOOGL,388.4281921386719
2026-05-21,GOOGL,387.1797180175781
2026-05-22,GOOGL,382.49554443359375
2026-05-26,GOOGL,388.398193359375
2026-05-27,GOOGL,388.3482360839844
2026-05-28,GOOGL,389.64666748046875
2026-05-29,GOOGL,379.8687744140625
2026-06-01,GOOGL,375.9037170410156
2026-06-02,GOOGL,361.4017028808594
2026-06-03,GOOGL,358.54522705078125
2026-06-04,GOOGL,371.7289123535156
2026-06-05,GOOGL,368.07342529296875
2026-06-08,GOOGL,363.0766296386719
2026-06-09,GOOGL,364.0260314941406
2026-06-10,GOOGL,356.1510925292969
2026-06-11,GOOGL,357.5401611328125
2026-06-12,GOOGL,359.4489440917969
2026-06-15,GOOGL,369.1127624511719
2026-06-16,GOOGL,373.01025390625
2026-06-17,GOOGL,363.55633544921875
2026-06-18,GOOGL,367.7935791015625
2026-06-22,GOOGL,349.45538330078125
2026-06-23,GOOGL,345.90765380859375
2026-06-24,GOOGL,345.0682067871094
2026-06-25,GOOGL,343.48919677734375
2026-06-26,GOOGL,337.17327880859375
2026-06-29,GOOGL,353.4228210449219
2026-06-30,GOOGL,357.14044189453125
2026-07-01,GOOGL,360.97796630859375
2026-07-02,GOOGL,359.6788024902344
2026-07-06,GOOGL,366.2245788574219
2026-07-07,GOOGL,366.7942199707031
2026-07-08,GOOGL,361.6875305175781
2026-07-09,GOOGL,358.65948486328125
2026-07-10,GOOGL,356.9505615234375
2026-07-13,GOOGL,352.2835693359375
2026-07-14,GOOGL,359.2790832519531
2026-07-15,GOOGL,370.6817626953125
2026-07-16,GOOGL,354.2322998046875
2026-07-17,GOOGL,346.5472412109375
2026-07-20,GOOGL,351.7638854980469
2026-07-21,GOOGL,346.927001953125
2026-07-22,GOOGL,341.8702392578125
2026-07-23,GOOGL,317.4859313964844
2026-07-24,GOOGL,319.53460693359375
2026-07-27,GOOGL,326.3502197265625
2026-07-28,GOOGL,333.4956359863281
2026-07-29,GOOGL,336.49371337890625
2026-07-30,GOOGL,333.4456787109375
2026-07-31,GOOGL,355.9012451171875
2026-08-03,GOOGL,373.27008056640625
2026-08-04,GOOGL,377.40740966796875
2026-08-05,GOOGL,362.1971740722656
2026-08-06,GOOGL,357.52020263671875
2026-08-07,GOOGL,354.0723876953125
2026-08-10,GOOGL,357.29034423828125
2026-08-11,GOOGL,343.5791320800781
2026-08-12,GOOGL,343.3193359375
2026-08-13,GOOGL,346.13751220703125
2026-08-14,GOOGL,345.67779541015625
2026-08-17,GOOGL,343.7790222167969
2026-08-18,GOOGL,343.9789123535156
2026-08-19,GOOGL,344.4985656738281
2026-08-20,GOOGL,340.451171875
2026-08-21,GOOGL,344.5985107421875
2026-08-24,GOOGL,347.83642578125
2026-08-25,GOOGL,346.73712158203125
2026-08-26,GOOGL,341.7803039550781
2026-08-27,GOOGL,340.4311828613281
2026-08-28,GOOGL,346.36737060546875
2026-08-31,GOOGL,339.13201904296875
2026-09-01,GOOGL,334.8047790527344
2026-09-02,GOOGL,336.9034423828125
2026-09-03,GOOGL,342.260009765625
2026-09-04,GOOGL,338.4599914550781
2026-09-08,GOOGL,338.3599853515625
2026-09-09,GOOGL,330.6499938964844
2026-09-10,GOOGL,332.6000061035156
2026-09-11,GOOGL,338.5
2026-09-14,GOOGL,349.3900146484375
2026-09-15,GOOGL,344.9800109863281
2026-09-16,GOOGL,342.8699951171875
2026-09-17,GOOGL,347.3299865722656
2026-09-18,GOOGL,349.5400085449219
2026-09-21,GOOGL,354.9700012207031
2026-09-22,GOOGL,351.1600036621094
2026-09-23,GOOGL,337.8299865722656
2026-09-24,GOOGL,342.3599853515625
2026-09-25,GOOGL,343.9200134277344
2026-09-28,GOOGL,342.75
2026-09-29,GOOGL,340.9200134277344
2026-09-30,GOOGL,344.0799865722656
2026-10-01,GOOGL,338.239990234375
2026-10-02,GOOGL,343.5
2026-10-05,GOOGL,346.4700012207031
2026-10-06,GOOGL,347.67999267578125
2026-10-07,GOOGL,350.5
2026-10-08,GOOGL,353.0350036621094
2026-01-02,JNJ,204.06768798828125
2026-01-05,JNJ,201.0758056640625
2026-01-06,JNJ,201.5482177734375
2026-01-07,JNJ,204.20547485351562
2026-01-08,JNJ,202.49301147460938
2026-01-09,JNJ,201.15455627441406
2026-01-12,JNJ,206.4001922607422
2026-01-13,JNJ,210.26795959472656
2026-01-14,JNJ,215.09039306640625
2026-01-15,JNJ,216.09425354003906
2026-01-16,JNJ,215.1986541748047
2026-01-20,JNJ,214.7557830810547
2026-01-21,JNJ,214.55894470214844
2026-01-22,JNJ,215.03135681152344
2026-01-23,JNJ,216.6552276611328
2026-01-26,JNJ,217.98385620117188
2026-01-27,JNJ,220.8871612548828
2026-01-28,JNJ,224.11524963378906
2026-01-29,JNJ,223.69203186035156
2026-01-30,JNJ,223.6526641845703
2026-02-02,JNJ,227.0972900390625
2026-02-03,JNJ,229.4100799560547
2026-02-04,JNJ,230.7583770751953
2026-02-05,JNJ,234.02581787109375
2026-02-06,JNJ,236.19100952148438
2026-02-09,JNJ,234.86236572265625
2026-02-10,JNJ,234.5769805908203
2026-02-11,JNJ,237.0472412109375
2026-02-12,JNJ,240.67881774902344
2026-02-13,JNJ,239.5962371826172
2026-02-17,JNJ,239.47813415527344
2026-02-18,JNJ,241.1118621826172
2026-02-19,JNJ,243.00146484375
2026-02-20,JNJ,238.65142822265625
2026-02-23,JNJ,241.9484100341797
2026-02-24,JNJ,243.6699676513672
2026-02-25,JNJ,242.5717315673828
2026-02-26,JNJ,240.88975524902344
2026-02-27,JNJ,245.79718017578125
2026-03-02,JNJ,245.92579650878906
2026-03-03,JNJ,244.13497924804688
2026-03-04,JNJ,242.7003631591797
2026-03-05,JNJ,237.0904541015625
2026-03-06,JNJ,237.85227966308594
2026-03-09,JNJ,240.01905822753906
2026-03-10,JNJ,241.12721252441406
2026-03-11,JNJ,240.41482543945312
2026-03-12,JNJ,239.47488403320312
2026-03-13,JNJ,238.9604034423828
2026-03-16,JNJ,240.61270141601562
2026-03-17,JNJ,235.5865478515625
2026-03-18,JNJ,234.7653350830078
2026-03-19,JNJ,235.0819549560547
2026-03-20,JNJ,232.87557983398438
2026-03-23,JNJ,232.925048828125
2026-03-24,JNJ,232.77664184570312
2026-03-25,JNJ,237.3872528076172
2026-03-26,JNJ,236.70458984375
2026-03-27,JNJ,237.90174865722656
2026-03-30,JNJ,239.92013549804688
2026-03-31,JNJ,241.84947204589844
2026-04-01,JNJ,241.53285217285156
2026-04-02,JNJ,240.46429443359375
2026-04-06,JNJ,238.41622924804688
2026-04-07,JNJ,235.8833770751953
2026-04-08,JNJ,238.7427520751953
2026-04-09,JNJ,238.7526397705078
2026-04-10,JNJ,235.93284606933594
2026-04-13,JNJ,235.43814086914062
2026-04-14,JNJ,237.5554656982422
2026-04-15,JNJ,236.14060974121094
2026-04-16,JNJ,232.05438232421875
2026-04-17,JNJ,231.6981964111328
2026-04-20,JNJ,228.2451934814453
2026-04-21,JNJ,223.76318359375
2026-04-22,JNJ,223.70384216308594
2026-04-23,JNJ,228.2056121826172
2026-04-24,JNJ,225.0889892578125
2026-04-27,JNJ,222.95188903808594
2026-04-28,JNJ,225.37591552734375
2026-04-29,JNJ,224.94058227539062
2026-04-30,JNJ,227.41409301757812
2026-05-01,JNJ,224.7822723388672
2026-05-04,JNJ,221.82395935058594
2026-05-05,JNJ,223.15966796875
2026-05-06,JNJ,222.23951721191406
2026-05-07,JNJ,220.15187072753906
2026-05-08,JNJ,218.9744873046875
2026-05-11,JNJ,219.08331298828125
2026-05-12,JNJ,221.88331604003906
2026-05-13,JNJ,227.97804260253906
2026-05-14,JNJ,228.35403442382812
2026-05-15,JNJ,224.307373046875
2026-05-18,JNJ,226.4939422607422
2026-05-19,JNJ,227.56248474121094
2026-05-20,JNJ,226.88970947265625
2026-05-21,JNJ,229.27415466308594
2026-05-22,JNJ,231.85650634765625
2026-05-26,JNJ,229.0503387451172
2026-05-27,JNJ,230.15489196777344
2026-05-28,JNJ,229.66729736328125
2026-05-29,JNJ,224.22413635253906
2026-06-01,JNJ,222.41307067871094
2026-06-02,JNJ,221.79611206054688
2026-06-03,JNJ,222.1444091796875
2026-06-04,JNJ,227.05020141601562
2026-06-05,JNJ,231.6276397705078
2026-06-08,JNJ,231.0206298828125
2026-06-09,JNJ,235.8368682861328
2026-06-10,JNJ,237.31956481933594
2026-06-11,JNJ,237.16033935546875
2026-06-12,JNJ,239.6878662109375
2026-06-15,JNJ,234.50344848632812
2026-06-16,JNJ,234.02578735351562
2026-06-17,JNJ,233.0506134033203
2026-06-18,JNJ,227.2691192626953
2026-06-22,JNJ,230.15489196777344
2026-06-23,JNJ,237.9066619873047
2026-06-24,JNJ,239.81723022460938
2026-06-25,JNJ,243.67820739746094
2026-06-26,JNJ,253.4102020263672
2026-06-29,JNJ,257.2413024902344
2026-06-30,JNJ,252.7235870361328
2026-07-01,JNJ,252.73353576660156
2026-07-02,JNJ,261.74908447265625
2026-07-06,JNJ,258.0572509765625
2026-07-07,JNJ,265.9284362792969
2026-07-08,JNJ,262.1072998046875
2026-07-09,JNJ,257.8283996582031
2026-07-10,JNJ,255.7188262939453
2026-07-13,JNJ,256.5049133300781
2026-07-14,JNJ,252.60418701171875
2026-07-15,JNJ,245.8076934814453
2026-07-16,JNJ,248.7432098388672
2026-07-17,JNJ,251.7981414794922
2026-07-20,JNJ,247.59886169433594
2026-07-21,JNJ,249.3800811767578
2026-07-22,JNJ,254.3754425048828
2026-07-23,JNJ,257.99755859375
2026-07-24,JNJ,262.1072998046875
2026-07-27,JNJ,264.6448059082031
2026-07-28,JNJ,265.42095947265625
2026-07-29,JNJ,264.2268371582031
2026-07-30,JNJ,254.56451416015625
2026-07-31,JNJ,255.09190368652344
2026-08-03,JNJ,253.1614227294922
2026-08-04,JNJ,253.67886352539062
2026-08-05,JNJ,256.3258056640625
2026-08-06,JNJ,255.7188262939453
2026-08-07,JNJ,257.96771240234375
2026-08-10,JNJ,260.5251159667969
2026-08-11,JNJ,258.52496337890625
2026-08-12,JNJ,259.5797424316406
2026-08-13,JNJ,260.79376220703125
2026-08-14,JNJ,259.072265625
2026-08-17,JNJ,261.0823669433594
2026-08-18,JNJ,269.7794494628906
2026-08-19,JNJ,272.06817626953125
2026-08-20,JNJ,266.0578308105469
2026-08-21,JNJ,268.9137268066406
2026-08-24,JNJ,271.70001220703125
2026-08-25,JNJ,273.1400146484375
2026-08-26,JNJ,270.0
2026-08-27,JNJ,265.7699890136719
2026-08-28,JNJ,268.0400085449219
2026-08-31,JNJ,265.8500061035156
2026-09-01,JNJ,271.19000244140625
2026-09-02,JNJ,275.2099914550781
2026-09-03,JNJ,278.42999267578125
2026-09-04,JNJ,275.2300109863281
2026-09-08,JNJ,269.1199951171875
2026-09-09,JNJ,267.0799865722656
2026-09-10,JNJ,266.3500061035156
2026-09-11,JNJ,265.5799865722656
2026-09-14,JNJ,266.32000732421875
2026-09-15,JNJ,267.20001220703125
2026-09-16,JNJ,267.2799987792969
2026-09-17,JNJ,270.2200012207031
2026-09-18,JNJ,269.989990234375
2026-09-21,JNJ,269.4700012207031
2026-09-22,JNJ,269.19000244140625
2026-09-23,JNJ,269.1700134277344
2026-09-24,JNJ,270.67999267578125
2026-09-25,JNJ,271.2200012207031
2026-09-28,JNJ,271.95001220703125
2026-09-29,JNJ,267.57000732421875
2026-09-30,JNJ,264.739990234375
2026-10-01,JNJ,258.6600036621094
2026-10-02,JNJ,256.0299987792969
2026-10-05,JNJ,252.92999267578125
2026-10-06,JNJ,254.77999877929688
2026-10-07,JNJ,258.45001220703125
2026-10-08,JNJ,255.99000549316406
2026-01-02,JPM,319.3298034667969
2026-01-05,JPM,327.7280578613281
2026-01-06,JPM,329.76806640625
2026-01-07,JPM,322.25836181640625
2026-01-08,JPM,325.01788330078125
2026-01-09,JPM,324.4265441894531
2026-01-12,JPM,319.7945251464844
2026-01-13,JPM,306.40118408203125
2026-01-14,JPM,303.4150390625
2026-01-15,JPM,304.7849426269531
2026-01-16,JPM,307.948486328125
2026-01-20,JPM,298.3592529296875
2026-01-21,JPM,297.66943359375
2026-01-22,JPM,299.23638916015625
2026-01-23,JPM,293.4118957519531
2026-01-26,JPM,296.683837890625
2026-01-27,JPM,295.96441650390625
2026-01-28,JPM,296.4177551269531
2026-01-29,JPM,301.9860534667969
2026-01-30,JPM,301.46368408203125
2026-02-02,JPM,303.6811218261719
2026-02-03,JPM,310.29400634765625
2026-02-04,JPM,312.6789855957031
2026-02-05,JPM,305.6719055175781
2026-02-06,JPM,317.73480224609375
2026-02-09,JPM,317.43914794921875
2026-02-10,JPM,313.67437744140625
2026-02-11,JPM,306.3223876953125
2026-02-12,JPM,298.2607116699219
2026-02-13,JPM,298.1719970703125
2026-02-17,JPM,302.68572998046875
2026-02-18,JPM,304.3118591308594
2026-02-19,JPM,303.5924377441406
2026-02-20,JPM,306.29278564453125
2026-02-23,JPM,293.3626708984375
2026-02-24,JPM,292.9979553222656
2026-02-25,JPM,298.9111633300781
2026-02-26,JPM,301.7002258300781
2026-02-27,JPM,295.9545593261719
2026-03-02,JPM,293.2542419433594
2026-03-03,JPM,295.9151611328125
2026-03-04,JPM,295.0577392578125
2026-03-05,JPM,289.30224609375
2026-03-06,JPM,285.2911376953125
2026-03-09,JPM,285.72479248046875
2026-03-10,JPM,284.552001953125
2026-03-11,JPM,283.3594665527344
2026-03-12,JPM,278.7965393066406
2026-03-13,JPM,279.33856201171875
2026-03-16,JPM,282.0191955566406
2026-03-17,JPM,282.7386169433594
2026-03-18,JPM,283.5762939453125
2026-03-19,JPM,283.8030090332031
2026-03-20,JPM,282.41339111328125
2026-03-23,JPM,285.7149353027344
2026-03-24,JPM,288.16888427734375
2026-03-25,JPM,291.14520263671875
2026-03-26,JPM,287.4395751953125
2026-03-27,JPM,278.7472229003906
2026-03-30,JPM,279.66375732421875
2026-03-31,JPM,289.9034118652344
2026-04-01,JPM,291.10577392578125
2026-04-02,JPM,290.3370666503906
2026-04-06,JPM,292.6649169921875
2026-04-07,JPM,294.5965270996094
2026-04-08,JPM,305.06689453125
2026-04-09,JPM,307.4046325683594
2026-04-10,JPM,306.948974609375
2026-04-13,JPM,310.7230529785156
2026-04-14,JPM,308.1871643066406
2026-04-15,JPM,303.0461120605469
2026-04-16,JPM,307.0282287597656
2026-04-17,JPM,307.3650207519531
2026-04-20,JPM,314.0018615722656
2026-04-21,JPM,310.0494689941406
2026-04-22,JPM,310.0692443847656
2026-04-23,JPM,308.7518310546875
2026-04-24,JPM,305.37396240234375
2026-04-27,JPM,308.6923828125
2026-04-28,JPM,308.51409912109375
2026-04-29,JPM,306.3348388671875
2026-04-30,JPM,310.2773132324219
2026-05-01,JPM,309.52447509765625
2026-05-04,JPM,304.7499084472656
2026-05-05,JPM,306.4833984375
2026-05-06,JPM,311.9315490722656
2026-05-07,JPM,303.38287353515625
2026-05-08,JPM,299.2522277832031
2026-05-11,JPM,297.1719970703125
2026-05-12,JPM,302.0060119628906
2026-05-13,JPM,297.419677734375
2026-05-14,JPM,297.0828552246094
2026-05-15,JPM,295.0026550292969
2026-05-18,JPM,297.8951416015625
2026-05-19,JPM,292.9125671386719
2026-05-20,JPM,299.13336181640625
2026-05-21,JPM,300.14373779296875
2026-05-22,JPM,303.4918518066406
2026-05-26,JPM,303.8484802246094
2026-05-27,JPM,296.45880126953125
2026-05-28,JPM,293.9328308105469
2026-05-29,JPM,296.4884948730469
2026-06-01,JPM,293.78424072265625
2026-06-02,JPM,298.1229553222656
2026-06-03,JPM,298.0140075683594
2026-06-04,JPM,307.9593811035156
2026-06-05,JPM,309.4254150390625
2026-06-08,JPM,308.1772766113281
2026-06-09,JPM,309.7522888183594
2026-06-10,JPM,306.2258605957031
2026-06-11,JPM,310.53485107421875
2026-06-12,JPM,317.69671630859375
2026-06-15,JPM,316.3891296386719
2026-06-16,JPM,328.01849365234375
2026-06-17,JPM,330.31658935546875
2026-06-18,JPM,322.154296875
2026-06-22,JPM,328.3552551269531
2026-06-23,JPM,330.9902038574219
2026-06-24,JPM,330.30670166015625
2026-06-25,JPM,331.9609375
2026-06-26,JPM,325.9481506347656
2026-06-29,JPM,326.28497314453125
2026-06-30,JPM,324.244384765625
2026-07-01,JPM,330.92083740234375
2026-07-02,JPM,331.31707763671875
2026-07-06,JPM,336.0434875488281
2026-07-07,JPM,337.5360412597656
2026-07-08,JPM,328.9787292480469
2026-07-09,JPM,333.8046569824219
2026-07-10,JPM,334.7997131347656
2026-07-13,JPM,332.86932373046875
2026-07-14,JPM,341.1878356933594
2026-07-15,JPM,345.1878967285156
2026-07-16,JPM,341.446533203125
2026-07-17,JPM,339.40673828125
2026-07-20,JPM,337.1877746582031
2026-07-21,JPM,343.5162353515625
2026-07-22,JPM,346.4814147949219
2026-07-23,JPM,348.16302490234375
2026-07-24,JPM,351.45660400390625
2026-07-27,JPM,354.4317626953125
2026-07-28,JPM,355.5362548828125
2026-07-29,JPM,342.998779296875
2026-07-30,JPM,349.10833740234375
2026-07-31,JPM,350.0436706542969
2026-08-03,JPM,350.8894348144531
2026-08-04,JPM,355.7452087402344
2026-08-05,JPM,357.4566650390625
2026-08-06,JPM,354.53125
2026-08-07,JPM,355.7452087402344
2026-08-10,JPM,358.0039367675781
2026-08-11,JPM,360.2427673339844
2026-08-12,JPM,363.3671875
2026-08-13,JPM,361.30743408203125
2026-08-14,JPM,361.0387878417969
2026-08-17,JPM,359.1681213378906
2026-08-18,JPM,361.44677734375
2026-08-19,JPM,355.48651123046875
2026-08-20,JPM,349.8048400878906
2026-08-21,JPM,349.8346862792969
2026-08-24,JPM,354.6208190917969
2026-08-25,JPM,354.9193420410156
2026-08-26,JPM,354.73028564453125
2026-08-27,JPM,352.4615783691406
2026-08-28,JPM,355.8446960449219
2026-08-31,JPM,354.2526550292969
2026-09-01,JPM,353.18798828125
2026-09-02,JPM,354.45166015625
2026-09-03,JPM,360.2626647949219
2026-09-04,JPM,356.8596496582031
2026-09-08,JPM,351.755126953125
2026-09-09,JPM,352.94915771484375
2026-09-10,JPM,351.80487060546875
2026-09-11,JPM,354.46160888671875
2026-09-14,JPM,348.39190673828125
2026-09-15,JPM,350.74017333984375
2026-09-16,JPM,347.18792724609375
2026-09-17,JPM,347.5759582519531
2026-09-18,JPM,347.9342041015625
2026-09-21,JPM,350.29241943359375
2026-09-22,JPM,338.31219482421875
2026-09-23,JPM,335.85443115234375
2026-09-24,JPM,336.87933349609375
2026-09-25,JPM,341.35699462890625
2026-09-28,JPM,334.9190979003906
2026-09-29,JPM,333.3171081542969
2026-09-30,JPM,329.18768310546875
2026-10-01,JPM,331.5260314941406
2026-10-02,JPM,330.7300109863281
2026-10-05,JPM,330.7300109863281
2026-10-06,JPM,331.2799987792969
2026-10-07,JPM,329.5799865722656
2026-10-08,JPM,328.0
2026-01-02,MSFT,469.95849609375
2026-01-05,MSFT,469.86907958984375
2026-01-06,MSFT,475.4933776855469
2026-01-07,MSFT,480.422119140625
2026-01-08,MSFT,475.0959167480469
2026-01-09,MSFT,476.258544921875
2026-01-12,MSFT,474.1717529296875
2026-01-13,MSFT,467.70281982421875
2026-01-14,MSFT,456.4840087890625
2026-01-15,MSFT,453.7811279296875
2026-01-16,MSFT,456.9609680175781
2026-01-20,MSFT,451.65460205078125
2026-01-21,MSFT,441.3102111816406
2026-01-22,MSFT,448.2959289550781
2026-01-23,MSFT,463.0125732421875
2026-01-26,MSFT,467.3152770996094
2026-01-27,MSFT,477.5503234863281
2026-01-28,MSFT,478.59368896484375
2026-01-29,MSFT,430.76715087890625
2026-01-30,MSFT,427.5773620605469
2026-02-02,MSFT,420.70098876953125
2026-02-03,MSFT,408.6176452636719
2026-02-04,MSFT,411.5788879394531
2026-02-05,MSFT,391.1882629394531
2026-02-06,MSFT,398.61114501953125
2026-02-09,MSFT,410.99261474609375
2026-02-10,MSFT,410.6646423339844
2026-02-11,MSFT,401.8207702636719
2026-02-12,MSFT,399.3067321777344
2026-02-13,MSFT,398.7900085449219
2026-02-17,MSFT,394.3581237792969
2026-02-18,MSFT,397.0808410644531
2026-02-19,MSFT,396.8517761230469
2026-02-20,MSFT,395.6267395019531
2026-02-23,MSFT,382.9182434082031
2026-02-24,MSFT,387.429931640625
2026-02-25,MSFT,398.9831237792969
2026-02-26,MSFT,400.0986022949219
2026-02-27,MSFT,391.15484619140625
2026-03-02,MSFT,396.9413757324219
2026-03-03,MSFT,402.2996826171875
2026-03-04,MSFT,403.5645751953125
2026-03-05,MSFT,409.0224304199219
2026-03-06,MSFT,407.30938720703125
2026-03-09,MSFT,407.757568359375
2026-03-10,MSFT,404.122314453125
2026-03-11,MSFT,403.245849609375
2026-03-12,MSFT,400.2380065917969
2026-03-13,MSFT,393.9534912109375
2026-03-16,MSFT,398.33575439453125
2026-03-17,MSFT,397.7979431152344
2026-03-18,MSFT,390.20867919921875
2026-03-19,MSFT,387.4498596191406
2026-03-20,MSFT,380.3287048339844
2026-03-23,MSFT,381.4541931152344
2026-03-24,MSFT,371.2355651855469
2026-03-25,MSFT,369.5424499511719
2026-03-26,MSFT,364.4928894042969
2026-03-27,MSFT,355.3300476074219
2026-03-30,MSFT,357.5111999511719
2026-03-31,MSFT,368.67596435546875
2026-04-01,MSFT,367.8791809082031
2026-04-02,MSFT,371.9526672363281
2026-04-06,MSFT,371.3750305175781
2026-04-07,MSFT,370.78741455078125
2026-04-08,MSFT,372.8191223144531
2026-04-09,MSFT,371.5642395019531
2026-04-10,MSFT,369.37310791015625
2026-04-13,MSFT,382.8186340332031
2026-04-14,MSFT,391.5233459472656
2026-04-15,MSFT,409.5602722167969
2026-04-16,MSFT,418.56378173828125
2026-04-17,MSFT,421.0835876464844
2026-04-20,MSFT,416.38262939453125
2026-04-21,MSFT,422.4480285644531
2026-04-22,MSFT,431.1726989746094
2026-04-23,MSFT,414.0719909667969
2026-04-24,MSFT,422.90618896484375
2026-04-27,MSFT,423.1053771972656
2026-04-28,MSFT,427.5174865722656
2026-04-29,MSFT,422.746826171875
2026-04-30,MSFT,406.1341552734375
2026-05-01,MSFT,412.76727294921875
2026-05-04,MSFT,411.9505615234375
2026-05-05,MSFT,409.7196044921875
2026-05-06,MSFT,412.2891845703125
2026-05-07,MSFT,419.07171630859375
2026-05-08,MSFT,413.44451904296875
2026-05-11,MSFT,410.99444580078125
2026-05-12,MSFT,406.1241760253906
2026-05-13,MSFT,403.57452392578125
2026-05-14,MSFT,407.7774658203125
2026-05-15,MSFT,420.2170715332031
2026-05-18,MSFT,421.83056640625
2026-05-19,MSFT,415.7352600097656
2026-05-20,MSFT,419.36053466796875
2026-05-21,MSFT,418.3025207519531
2026-05-22,MSFT,417.7835388183594
2026-05-26,MSFT,415.248291015625
2026-05-27,MSFT,411.8946228027344
2026-05-28,MSFT,426.18768310546875
2026-05-29,MSFT,449.3940124511719
2026-06-01,MSFT,459.6546936035156
2026-06-02,MSFT,440.48077392578125
2026-06-03,MSFT,426.53704833984375
2026-06-04,MSFT,427.2456970214844
2026-06-05,MSFT,415.8870849609375
2026-06-08,MSFT,410.9663391113281
2026-06-09,MSFT,402.6520080566406
2026-06-10,MSFT,396.61334228515625
2026-06-11,MSFT,389.6065673828125
2026-06-12,MSFT,390.00579833984375
2026-06-15,MSFT,399.0088806152344
2026-06-16,MSFT,393.0899963378906
2026-06-17,MSFT,378.1980285644531
2026-06-18,MSFT,378.6871032714844
2026-06-22,MSFT,366.6497802734375
2026-06-23,MSFT,373.23736572265625
2026-06-24,MSFT,364.7733154296875
2026-06-25,MSFT,352.1670227050781
2026-06-26,MSFT,372.2691955566406
2026-06-29,MSFT,367.8774719238281
2026-06-30,MSFT,372.319091796875
2026-07-01,MSFT,383.5579528808594
2026-07-02,MSFT,389.7562561035156
2026-07-06,MSFT,386.0133056640625
2026-07-07,MSFT,388.109375
2026-07-08,MSFT,382.6197204589844
2026-07-09,MSFT,383.6377868652344
2026-07-10,MSFT,384.37640380859375
2026-07-13,MSFT,390.2553405761719
2026-07-14,MSFT,384.20672607421875
2026-07-15,MSFT,394.8866271972656
2026-07-16,MSFT,400.3463439941406
2026-07-17,MSFT,393.08001708984375
2026-07-20,MSFT,401.53411865234375
2026-07-21,MSFT,397.00262451171875
2026-07-22,MSFT,389.6065673828125
2026-07-23,MSFT,380.8630065917969
2026-07-24,MSFT,380.9828186035156
2026-07-27,MSFT,388.368896484375
2026-07-28,MSFT,392.61090087890625
2026-07-29,MSFT,389.8061828613281
2026-07-30,MSFT,450.2524108886719
2026-07-31,MSFT,463.8468017578125
2026-08-03,MSFT,486.73370361328125
2026-08-04,MSFT,491.884033203125
2026-08-05,MSFT,486.5440673828125
2026-08-06,MSFT,498.9207458496094
2026-08-07,MSFT,499.0505065917969
2026-08-10,MSFT,505.109130859375
2026-08-11,MSFT,502.86334228515625
2026-08-12,MSFT,491.5047302246094
2026-08-13,MSFT,495.9463806152344
2026-08-14,MSFT,494.4691467285156
2026-08-17,MSFT,479.44744873046875
2026-08-18,MSFT,480.72503662109375
2026-08-19,MSFT,483.3999938964844
2026-08-20,MSFT,481.1499938964844
2026-08-21,MSFT,483.239990234375
2026-08-24,MSFT,487.30999755859375
2026-08-25,MSFT,491.7099914550781
2026-08-26,MSFT,496.3699951171875
2026-08-27,MSFT,505.05999755859375
2026-08-28,MSFT,513.530029296875
2026-08-31,MSFT,507.2900085449219
2026-09-01,MSFT,501.0199890136719
2026-09-02,MSFT,496.82000732421875
2026-09-03,MSFT,510.1199951171875
2026-09-04,MSFT,499.70001220703125
2026-09-08,MSFT,493.95001220703125
2026-09-09,MSFT,491.6499938964844
2026-09-10,MSFT,492.44000244140625
2026-09-11,MSFT,495.6300048828125
2026-09-14,MSFT,505.4100036621094
2026-09-15,MSFT,497.1199951171875
2026-09-16,MSFT,490.29998779296875
2026-09-17,MSFT,497.75
2026-09-18,MSFT,493.7799987792969
2026-09-21,MSFT,501.6099853515625
2026-09-22,MSFT,498.0
2026-09-23,MSFT,500.5899963378906
2026-09-24,MSFT,497.92999267578125
2026-09-25,MSFT,516.1699829101562
2026-09-28,MSFT,509.2200012207031
2026-09-29,MSFT,508.9599914550781
2026-09-30,MSFT,512.9000244140625
2026-10-01,MSFT,512.7999877929688
2026-10-02,MSFT,517.530029296875
2026-10-05,MSFT,525.1799926757812
2026-10-06,MSFT,529.2999877929688
2026-10-07,MSFT,529.760009765625
2026-10-08,MSFT,530.72998046875
2026-01-02,NVDA,188.40911865234375
2026-01-05,NVDA,187.6808319091797
2026-01-06,NVDA,186.80288696289062
2026-01-07,NVDA,188.6685028076172
2026-01-08,NVDA,184.60801696777344
2026-01-09,NVDA,184.42843627929688
2026-01-12,NVDA,184.5082550048828
2026-01-13,NVDA,185.376220703125
2026-01-14,NVDA,182.7124481201172
2026-01-15,NVDA,186.6133270263672
2026-01-16,NVDA,185.79522705078125
2026-01-20,NVDA,177.65428161621094
2026-01-21,NVDA,182.8920440673828
2026-01-22,NVDA,184.40847778320312
2026-01-23,NVDA,187.23187255859375
2026-01-26,NVDA,186.03468322753906
2026-01-27,NVDA,188.07989501953125
2026-01-28,NVDA,191.07289123535156
2026-01-29,NVDA,192.06056213378906
2026-01-30,NVDA,190.6837921142578
2026-02-02,NVDA,185.17669677734375
2026-02-03,NVDA,179.91897583007812
2026-02-04,NVDA,173.78334045410156
2026-02-05,NVDA,171.47872924804688
2026-02-06,NVDA,184.97714233398438
2026-02-09,NVDA,189.59632873535156
2026-02-10,NVDA,188.09983825683594
2026-02-11,NVDA,189.60633850097656
2026-02-12,NVDA,186.5035858154297
2026-02-13,NVDA,182.3832244873047
2026-02-17,NVDA,184.53819274902344
2026-02-18,NVDA,187.5411376953125
2026-02-19,NVDA,187.46133422851562
2026-02-20,NVDA,189.37686157226562
2026-02-23,NVDA,191.1028289794922
2026-02-24,NVDA,192.39979553222656
2026-02-25,NVDA,195.10345458984375
2026-02-26,NVDA,184.4583740234375
2026-02-27,NVDA,176.77635192871094
2026-03-02,NVDA,182.05398559570312
2026-03-03,NVDA,179.62966918945312
2026-03-04,NVDA,182.61268615722656
2026-03-05,NVDA,182.9119873046875
2026-03-06,NVDA,177.4048614501953
2026-03-09,NVDA,182.2235870361328
2026-03-10,NVDA,184.33865356445312
2026-03-11,NVDA,185.60574340820312
2026-03-12,NVDA,182.7223358154297
2026-03-13,NVDA,179.8389434814453
2026-03-16,NVDA,182.80215454101562
2026-03-17,NVDA,181.51510620117188
2026-03-18,NVDA,179.98858642578125
2026-03-19,NVDA,178.15277099609375
2026-03-20,NVDA,172.30615234375
2026-03-23,NVDA,175.23944091796875
2026-03-24,NVDA,174.80044555664062
2026-03-25,NVDA,178.2725067138672
2026-03-26,NVDA,170.8494873046875
2026-03-27,NVDA,167.13796997070312
2026-03-30,NVDA,164.79331970214844
2026-03-31,NVDA,174.00225830078125
2026-04-01,NVDA,175.34918212890625
2026-04-02,NVDA,176.98545837402344
2026-04-06,NVDA,177.23487854003906
2026-04-07,NVDA,177.69383239746094
2026-04-08,NVDA,181.66476440429688
2026-04-09,NVDA,183.4906005859375
2026-04-10,NVDA,188.1998291015625
2026-04-13,NVDA,188.87826538085938
2026-04-14,NVDA,196.0618438720703
2026-04-15,NVDA,198.41647338867188
2026-04-16,NVDA,197.8976593017578
2026-04-17,NVDA,201.2200469970703
2026-04-20,NVDA,201.59918212890625
2026-04-21,NVDA,199.42417907714844
2026-04-22,NVDA,202.03819274902344
2026-04-23,NVDA,199.18470764160156
2026-04-24,NVDA,207.79502868652344
2026-04-27,NVDA,216.1160125732422
2026-04-28,NVDA,212.68385314941406
2026-04-29,NVDA,208.77279663085938
2026-04-30,NVDA,199.1148681640625
2026-05-01,NVDA,197.9974365234375
2026-05-04,NVDA,198.02734375
2026-05-05,NVDA,196.05186462402344
2026-05-06,NVDA,207.3560333251953
2026-05-07,NVDA,211.01766967773438
2026-05-08,NVDA,214.709228515625
2026-05-11,NVDA,218.93955993652344
2026-05-12,NVDA,220.27650451660156
2026-05-13,NVDA,225.3149871826172
2026-05-14,NVDA,235.202392578125
2026-05-15,NVDA,224.80615234375
2026-05-18,NVDA,221.81300354003906
2026-05-19,NVDA,220.1068878173828
2026-05-20,NVDA,222.9603729248047
2026-05-21,NVDA,219.0093994140625
2026-05-22,NVDA,214.83892822265625
2026-05-26,NVDA,214.37001037597656
2026-05-27,NVDA,212.1151580810547
2026-05-28,NVDA,213.7613983154297
2026-05-29,NVDA,210.6584930419922
2026-06-01,NVDA,223.8483428955078
2026-06-02,NVDA,222.3118438720703
2026-06-03,NVDA,214.26025390625
2026-06-04,NVDA,218.4156036376953
2026-06-05,NVDA,204.87075805664062
2026-06-08,NVDA,208.40679931640625
2026-06-09,NVDA,207.95730590820312
2026-06-10,NVDA,200.19598388671875
2026-06-11,NVDA,204.64100646972656
2026-06-12,NVDA,204.96066284179688
2026-06-15,NVDA,212.21253967285156
2026-06-16,NVDA,207.1781768798828
2026-06-17,NVDA,204.42124938964844
2026-06-18,NVDA,210.4545135498047
2026-06-22,NVDA,208.41677856445312
2026-06-23,NVDA,199.81640625
2026-06-24,NVDA,198.77757263183594
2026-06-25,NVDA,195.52122497558594
2026-06-26,NVDA,192.31480407714844
2026-06-29,NVDA,194.7520751953125
2026-06-30,NVDA,199.86634826660156
2026-07-01,NVDA,197.35916137695312
2026-07-02,NVDA,194.61224365234375
2026-07-06,NVDA,195.33143615722656
2026-07-07,NVDA,196.7098846435547
2026-07-08,NVDA,203.891845703125
2026-07-09,NVDA,202.5533447265625
2026-07-10,NVDA,210.72421264648438
2026-07-13,NVDA,203.30250549316406
2026-07-14,NVDA,211.5632781982422
2026-07-15,NVDA,212.26248168945312
2026-07-16,NVDA,207.16818237304688
2026-07-17,NVDA,202.58331298828125
2026-07-20,NVDA,203.05279541015625
2026-07-21,NVDA,207.0583038330078
2026-07-22,NVDA,211.82298278808594
2026-07-23,NVDA,208.5266571044922
2026-07-24,NVDA,206.6088104248047
2026-07-27,NVDA,196.2903594970703
2026-07-28,NVDA,196.789794921875
2026-07-29,NVDA,189.79762268066406
2026-07-30,NVDA,194.82199096679688
2026-07-31,NVDA,200.52561950683594
2026-08-03,NVDA,206.40904235839844
2026-08-04,NVDA,211.70310974121094
2026-08-05,NVDA,218.9749755859375
2026-08-06,NVDA,218.7452392578125
2026-08-07,NVDA,223.70968627929688
2026-08-10,NVDA,217.3068389892578
2026-08-11,NVDA,217.25689697265625
2026-08-12,NVDA,223.8395233154297
2026-08-13,NVDA,225.04818725585938
2026-08-14,NVDA,224.90834045410156
2026-08-17,NVDA,224.7584991455078
2026-08-18,NVDA,219.49440002441406
2026-08-19,NVDA,217.31683349609375
2026-08-20,NVDA,216.60763549804688
2026-08-21,NVDA,214.48001098632812
2026-08-24,NVDA,208.24697875976562
2026-08-25,NVDA,212.81187438964844
2026-08-26,NVDA,209.4256591796875
2026-08-27,NVDA,227.7251739501953
2026-08-28,NVDA,217.3068389892578
2026-08-31,NVDA,220.53323364257812
2026-09-01,NVDA,217.1969757080078
2026-09-02,NVDA,224.1591796875
2026-09-03,NVDA,228.1946563720703
2026-09-04,NVDA,230.10252380371094
2026-09-08,NVDA,225.47769165039062
2026-09-09,NVDA,223.4199981689453
2026-09-10,NVDA,218.36000061035156
2026-09-11,NVDA,218.2899932861328
2026-09-14,NVDA,210.9600067138672
2026-09-15,NVDA,212.1699981689453
2026-09-16,NVDA,213.89999389648438
2026-09-17,NVDA,219.33999633789062
2026-09-18,NVDA,222.27000427246094
2026-09-21,NVDA,227.3800048828125
2026-09-22,NVDA,228.8699951171875
2026-09-23,NVDA,225.50999450683594
2026-09-24,NVDA,224.5800018310547
2026-09-25,NVDA,225.07000732421875
2026-09-28,NVDA,228.86000061035156
2026-09-29,NVDA,227.2100067138672
2026-09-30,NVDA,228.3800048828125
2026-10-01,NVDA,230.86000061035156
2026-10-02,NVDA,233.9499969482422
2026-10-05,NVDA,238.89999389648438
2026-10-06,NVDA,239.24000549316406
2026-10-07,NVDA,237.47000122070312
2026-10-08,NVDA,234.2050018310547
2026-01-02,TSLA,438.07000732421875
2026-01-05,TSLA,451.6700134277344
2026-01-06,TSLA,432.9599914550781
2026-01-07,TSLA,431.4100036621094
2026-01-08,TSLA,435.79998779296875
2026-01-09,TSLA,445.010009765625
2026-01-12,TSLA,448.9599914550781
2026-01-13,TSLA,447.20001220703125
2026-01-14,TSLA,439.20001220703125
2026-01-15,TSLA,438.57000732421875
2026-01-16,TSLA,437.5
2026-01-20,TSLA,419.25
2026-01-21,TSLA,431.44000244140625
2026-01-22,TSLA,449.3599853515625
2026-01-23,TSLA,449.05999755859375
2026-01-26,TSLA,435.20001220703125
2026-01-27,TSLA,430.8999938964844
2026-01-28,TSLA,431.4599914550781
2026-01-29,TSLA,416.55999755859375
2026-01-30,TSLA,430.4100036621094
2026-02-02,TSLA,421.80999755859375
2026-02-03,TSLA,421.9599914550781
2026-02-04,TSLA,406.010009765625
2026-02-05,TSLA,397.2099914550781
2026-02-06,TSLA,411.1099853515625
2026-02-09,TSLA,417.32000732421875
2026-02-10,TSLA,425.2099914550781
2026-02-11,TSLA,428.2699890136719
2026-02-12,TSLA,417.07000732421875
2026-02-13,TSLA,417.44000244140625
2026-02-17,TSLA,410.6300048828125
2026-02-18,TSLA,411.32000732421875
2026-02-19,TSLA,411.7099914550781
2026-02-20,TSLA,411.82000732421875
2026-02-23,TSLA,399.8299865722656
2026-02-24,TSLA,409.3800048828125
2026-02-25,TSLA,417.3999938964844
2026-02-26,TSLA,408.5799865722656
2026-02-27,TSLA,402.510009765625
2026-03-02,TSLA,403.32000732421875
2026-03-03,TSLA,392.42999267578125
2026-03-04,TSLA,405.94000244140625
2026-03-05,TSLA,405.54998779296875
2026-03-06,TSLA,396.7300109863281
2026-03-09,TSLA,398.67999267578125
2026-03-10,TSLA,399.239990234375
2026-03-11,TSLA,407.82000732421875
2026-03-12,TSLA,395.010009765625
2026-03-13,TSLA,391.20001220703125
2026-03-16,TSLA,395.55999755859375
2026-03-17,TSLA,399.2699890136719
2026-03-18,TSLA,392.7799987792969
2026-03-19,TSLA,380.29998779296875
2026-03-20,TSLA,367.9599914550781
2026-03-23,TSLA,380.8500061035156
2026-03-24,TSLA,383.0299987792969
2026-03-25,TSLA,385.95001220703125
2026-03-26,TSLA,372.1099853515625
2026-03-27,TSLA,361.8299865722656
2026-03-30,TSLA,355.2799987792969
2026-03-31,TSLA,371.75
2026-04-01,TSLA,381.260009765625
2026-04-02,TSLA,360.5899963378906
2026-04-06,TSLA,352.82000732421875
2026-04-07,TSLA,346.6499938964844
2026-04-08,TSLA,343.25
2026-04-09,TSLA,345.6199951171875
2026-04-10,TSLA,348.95001220703125
2026-04-13,TSLA,352.4200134277344
2026-04-14,TSLA,364.20001220703125
2026-04-15,TSLA,391.95001220703125
2026-04-16,TSLA,388.8999938964844
2026-04-17,TSLA,400.6199951171875
2026-04-20,TSLA,392.5
2026-04-21,TSLA,386.4200134277344
2026-04-22,TSLA,387.510009765625
2026-04-23,TSLA,373.7200012207031
2026-04-24,TSLA,376.29998779296875
2026-04-27,TSLA,378.6700134277344
2026-04-28,TSLA,376.0199890136719
2026-04-29,TSLA,372.79998779296875
2026-04-30,TSLA,381.6300048828125
2026-05-01,TSLA,390.82000732421875
2026-05-04,TSLA,392.510009765625
2026-05-05,TSLA,389.3699951171875
2026-05-06,TSLA,398.7300109863281
2026-05-07,TSLA,411.7900085449219
2026-05-08,TSLA,428.3500061035156
2026-05-11,TSLA,445.0
2026-05-12,TSLA,433.45001220703125
2026-05-13,TSLA,445.2699890136719
2026-05-14,TSLA,443.29998779296875
2026-05-15,TSLA,422.239990234375
2026-05-18,TSLA,409.989990234375
2026-05-19,TSLA,404.1099853515625
2026-05-20,TSLA,417.260009765625
2026-05-21,TSLA,417.8500061035156
2026-05-22,TSLA,426.010009765625
2026-05-26,TSLA,433.5899963378906
2026-05-27,TSLA,440.3599853515625
2026-05-28,TSLA,442.1000061035156
2026-05-29,TSLA,435.7900085449219
2026-06-01,TSLA,415.8800048828125
2026-06-02,TSLA,423.739990234375
2026-06-03,TSLA,423.70001220703125
2026-06-04,TSLA,418.45001220703125
2026-06-05,TSLA,391.0
2026-06-08,TSLA,408.95001220703125
2026-06-09,TSLA,396.67999267578125
2026-06-10,TSLA,381.5899963378906
2026-06-11,TSLA,399.1499938964844
2026-06-12,TSLA,406.42999267578125
2026-06-15,TSLA,411.1499938964844
2026-06-16,TSLA,404.6600036621094
2026-06-17,TSLA,396.3800048828125
2026-06-18,TSLA,400.489990234375
2026-06-22,TSLA,405.04998779296875
2026-06-23,TSLA,381.6099853515625
2026-06-24,TSLA,375.5299987792969
2026-06-25,TSLA,375.1199951171875
2026-06-26,TSLA,379.7099914550781
2026-06-29,TSLA,411.8399963378906
2026-06-30,TSLA,420.6000061035156
2026-07-01,TSLA,425.29998779296875
2026-07-02,TSLA,393.45001220703125
2026-07-06,TSLA,419.7699890136719
2026-07-07,TSLA,402.8999938964844
2026-07-08,TSLA,394.05999755859375
2026-07-09,TSLA,406.54998779296875
2026-07-10,TSLA,407.760009765625
2026-07-13,TSLA,394.760009765625
2026-07-14,TSLA,396.17999267578125
2026-07-15,TSLA,394.4599914550781
2026-07-16,TSLA,391.05999755859375
2026-07-17,TSLA,380.8399963378906
2026-07-20,TSLA,369.57000732421875
2026-07-21,TSLA,378.92999267578125
2026-07-22,TSLA,374.010009765625
2026-07-23,TSLA,319.69000244140625
2026-07-24,TSLA,313.0299987792969
2026-07-27,TSLA,309.2200012207031
2026-07-28,TSLA,307.44000244140625
2026-07-29,TSLA,298.32000732421875
2026-07-30,TSLA,308.8500061035156
2026-07-31,TSLA,311.2099914550781
2026-08-03,TSLA,322.0799865722656
2026-08-04,TSLA,327.3500061035156
2026-08-05,TSLA,321.54998779296875
2026-08-06,TSLA,319.5299987792969
2026-08-07,TSLA,328.5799865722656
2026-08-10,TSLA,330.8800048828125
2026-08-11,TSLA,332.80999755859375
2026-08-12,TSLA,327.510009765625
2026-08-13,TSLA,339.9599914550781
2026-08-14,TSLA,342.2699890136719
2026-08-17,TSLA,339.29998779296875
2026-08-18,TSLA,336.8699951171875
2026-08-19,TSLA,351.1199951171875
2026-08-20,TSLA,345.1300048828125
2026-08-21,TSLA,362.8599853515625
2026-08-24,TSLA,348.95001220703125
2026-08-25,TSLA,350.25
2026-08-26,TSLA,345.82000732421875
2026-08-27,TSLA,354.80999755859375
2026-08-28,TSLA,348.75
2026-08-31,TSLA,367.95001220703125
2026-09-01,TSLA,356.0899963378906
2026-09-02,TSLA,357.010009765625
2026-09-03,TSLA,376.3699951171875
2026-09-04,TSLA,354.0799865722656
2026-09-08,TSLA,368.1600036621094
2026-09-09,TSLA,367.80999755859375
2026-09-10,TSLA,363.55999755859375
2026-09-11,TSLA,365.44000244140625
2026-09-14,TSLA,358.9700012207031
2026-09-15,TSLA,356.5799865722656
2026-09-16,TSLA,358.0799865722656
2026-09-17,TSLA,366.20001220703125
2026-09-18,TSLA,364.2699890136719
2026-09-21,TSLA,375.29998779296875
2026-09-22,TSLA,378.8999938964844
2026-09-23,TSLA,380.1199951171875
2026-09-24,TSLA,377.94000244140625
2026-09-25,TSLA,372.1099853515625
2026-09-28,TSLA,357.45001220703125
2026-09-29,TSLA,352.8399963378906
2026-09-30,TSLA,354.80999755859375
2026-10-01,TSLA,354.1099853515625
2026-10-02,TSLA,370.5899963378906
2026-10-05,TSLA,378.7300109863281
2026-10-06,TSLA,380.67999267578125
2026-10-07,TSLA,377.80999755859375
2026-10-08,TSLA,374.0199890136719
